,Date,Price,Open,High,Low,Vol.,Change %
0,02/19/2023,286.6,286.6,286.6,286.6,3.14,0.00
1,02/16/2023,286.6,286.6,286.6,286.6,5.43,0.00
2,02/15/2023,286.6,286.6,286.6,286.6,2.27,0.00
3,02/14/2023,286.6,286.6,286.6,286.6,2.73,0.00
4,02/13/2023,286.6,286.6,286.6,286.6,2.94,0.00
5,02/12/2023,286.6,286.6,286.6,286.6,3.75,0.00
6,02/09/2023,286.6,286.6,286.6,286.6,6.92,0.00
7,02/08/2023,286.6,286.6,286.6,286.6,1.7,0.00
8,02/07/2023,286.6,286.6,286.6,286.6,3.24,0.00
9,02/06/2023,286.6,286.6,286.6,286.6,2.5,0.00
10,02/05/2023,286.6,286.6,286.6,286.6,3.98,0.00
11,02/02/2023,286.6,286.6,286.6,286.6,6.3,0.00
12,02/01/2023,286.6,286.6,286.6,286.6,2.6,0.00
13,01/31/2023,286.6,286.6,286.6,286.6,9.13,0.00
14,01/30/2023,286.6,286.6,286.6,286.6,7.16,0.00
15,01/29/2023,286.6,286.6,286.6,286.6,4.99,0.00
16,01/26/2023,286.6,286.6,286.6,286.6,1.55,0.00
17,01/25/2023,286.6,286.6,286.6,286.6,6.05,0.00
18,01/24/2023,286.6,286.6,286.6,286.6,4.19,0.00
19,01/23/2023,286.6,286.6,286.6,286.6,3.78,0.00
20,01/22/2023,286.6,286.6,286.6,286.6,2.68,0.00
21,01/19/2023,286.6,286.6,286.6,286.6,2.52,0.00
22,01/18/2023,286.6,286.6,286.6,286.6,4.74,0.00
23,01/17/2023,286.6,286.6,286.6,286.6,6.64,0.00
24,01/16/2023,286.6,286.6,286.6,286.6,2.51,0.00
25,01/15/2023,286.6,286.6,286.6,286.6,2.63,0.00
26,01/12/2023,286.6,286.6,286.6,286.6,2.17,0.00
27,01/11/2023,286.6,286.6,286.6,286.6,1.08,0.00
28,01/10/2023,286.6,286.6,286.6,286.6,2.29,0.00
29,01/09/2023,286.6,286.6,286.6,286.6,2.06,0.00
30,01/08/2023,286.6,286.6,286.6,286.6,4.39,0.00
31,01/05/2023,286.6,286.6,286.6,286.6,3.98,0.00
32,01/04/2023,286.6,286.6,286.6,286.6,6.24,0.00
33,01/03/2023,286.6,286.6,286.6,286.6,10.29,0.00
34,01/02/2023,286.6,286.6,286.6,286.6,10.63,0.00
35,01/01/2023,286.6,286.6,286.6,286.6,1.15,0.00
36,12/29/2022,286.6,286.6,286.6,286.6,3.76,0.00
37,12/28/2022,286.6,286.6,286.6,286.6,1.81,0.00
38,12/27/2022,286.6,286.6,286.6,286.6,6.93,0.00
39,12/26/2022,286.6,286.6,286.6,286.6,0.74,0.00
40,12/22/2022,286.6,286.6,286.6,286.6,0.42,0.00
41,12/21/2022,286.6,286.6,286.6,286.6,0.34,0.00
42,12/20/2022,286.6,286.6,286.6,286.6,2.67,0.00
43,12/19/2022,286.6,286.6,286.6,286.6,2.54,0.00
44,12/18/2022,286.6,286.6,286.6,286.6,1.83,0.00
45,12/15/2022,286.6,286.6,286.6,286.6,3.27,0.00
46,12/14/2022,286.6,286.6,286.6,286.6,3.56,0.00
47,12/13/2022,286.6,286.6,286.6,286.6,4.09,0.00
48,12/12/2022,286.6,286.6,286.6,286.6,3.67,0.00
49,12/11/2022,286.6,286.6,286.6,286.6,0.89,0.00
50,12/08/2022,286.6,286.6,286.6,286.6,0.99,0.00
51,12/07/2022,286.6,286.6,286.6,286.6,6.88,0.00
52,12/06/2022,286.6,286.6,286.6,286.6,0.32,0.00
53,12/05/2022,286.6,286.6,286.6,286.6,1.52,0.00
54,12/04/2022,286.6,286.6,286.6,286.6,1.34,0.00
55,12/01/2022,286.6,286.6,286.6,286.6,4.36,0.00
56,11/30/2022,286.6,286.6,286.6,286.6,0.99,0.00
57,11/29/2022,286.6,286.6,286.6,286.6,1.79,0.00
58,11/28/2022,286.6,286.6,286.6,286.6,1.91,0.00
59,11/27/2022,286.6,286.6,286.6,286.6,1.67,0.00
60,11/24/2022,286.6,286.6,286.6,286.6,1.09,0.00
61,11/23/2022,286.6,286.6,286.6,286.6,4.58,0.00
62,11/22/2022,286.6,286.6,286.6,286.6,1.82,0.00
63,11/21/2022,286.6,286.6,286.6,286.6,1.19,0.00
64,11/20/2022,286.6,286.6,286.6,286.6,0.62,0.00
65,11/17/2022,286.6,286.6,286.6,286.6,0.52,0.00
66,11/16/2022,286.6,286.6,286.6,286.6,0.77,0.00
67,11/15/2022,286.6,286.6,286.6,286.6,4.03,0.00
68,11/14/2022,286.6,286.6,286.6,286.6,2.72,0.00
69,11/13/2022,286.6,286.6,286.6,286.6,2.35,0.00
70,11/10/2022,286.6,286.6,286.6,286.6,3.29,0.00
71,11/09/2022,286.6,286.6,286.6,286.6,9.01,0.00
72,11/08/2022,286.6,286.6,286.6,286.6,8.25,0.00
73,11/07/2022,286.6,286.6,286.6,286.6,1.37,0.00
74,11/06/2022,286.6,286.6,286.6,286.6,3.04,0.00
75,11/03/2022,286.6,286.6,286.6,286.6,5.18,0.00
76,11/02/2022,286.6,286.6,286.6,286.6,4.88,0.00
77,11/01/2022,286.6,286.6,286.6,286.6,1.87,0.00
78,10/31/2022,286.6,286.6,286.6,286.6,4.77,0.00
79,10/30/2022,286.6,286.6,286.6,286.6,4.13,0.00
80,10/27/2022,286.6,286.6,286.6,286.6,8.95,0.00
81,10/26/2022,286.6,286.6,286.6,286.6,8.39,0.00
82,10/25/2022,286.6,286.6,286.6,286.6,9.79,0.00
83,10/24/2022,286.6,286.6,286.6,286.6,3.17,0.00
84,10/23/2022,286.6,286.6,286.6,286.6,5.07,0.00
85,10/20/2022,286.6,286.6,286.6,286.6,42.59,0.00
86,10/19/2022,286.6,286.6,286.6,286.6,5.28,0.00
87,10/18/2022,286.6,286.6,286.6,286.6,4.76,0.00
88,10/17/2022,286.6,286.6,286.6,286.6,18.22,0.00
89,10/16/2022,286.6,286.6,286.6,286.6,65.36,0.00
90,10/13/2022,286.6,286.6,286.6,286.6,67.57,0.00
91,10/12/2022,286.6,286.6,286.6,286.6,42.58,0.00
92,10/11/2022,286.6,286.6,286.6,286.6,18.92,0.00
93,10/10/2022,286.6,286.6,286.6,286.6,17.16,0.00
94,10/06/2022,286.6,286.6,286.6,286.6,7.64,0.00
95,10/04/2022,286.6,286.6,286.6,286.6,10.52,0.00
96,10/03/2022,286.6,286.6,286.6,286.6,11.85,0.00
97,10/02/2022,286.6,286.6,288.0,286.6,54.8,0.00
98,09/29/2022,286.6,286.6,286.6,286.6,69.18,0.00
99,09/28/2022,286.6,286.6,286.6,286.6,13.15,0.00
100,09/27/2022,286.6,286.6,286.6,286.6,164.7,0.00
101,09/26/2022,286.6,286.6,286.6,286.6,53.85,0.00
102,09/25/2022,286.6,286.6,287.0,286.6,45.21,0.00
103,09/22/2022,286.6,286.6,286.6,286.6,74.5,0.00
104,09/21/2022,286.6,286.9,287.8,286.6,88.36,-0.07
105,09/20/2022,286.8,287.2,290.0,286.6,318.38,-0.14
106,09/19/2022,287.2,293.5,293.5,286.7,200.36,0.10
107,09/18/2022,286.9,288.4,288.6,286.6,137.28,0.10
108,09/15/2022,286.6,287.0,287.3,286.6,43.86,0.00
109,09/14/2022,286.6,286.6,286.7,286.6,136.64,0.00
110,09/13/2022,286.6,287.0,287.0,286.6,161.03,-0.14
111,09/12/2022,287.0,286.9,287.8,286.8,254.92,0.03
112,09/11/2022,286.9,288.0,288.0,286.6,103.24,-0.03
113,09/08/2022,287.0,291.9,291.9,286.7,143.16,0.07
114,09/07/2022,286.8,288.5,288.5,286.6,153.86,0.03
115,09/06/2022,286.7,288.1,289.0,286.6,124.62,-0.49
116,09/05/2022,288.1,288.7,290.0,287.7,195.73,-0.21
117,09/04/2022,288.7,295.0,295.8,288.0,121.84,-0.45
118,09/01/2022,290.0,290.0,291.0,289.0,161.03,0.76
119,08/31/2022,287.8,295.7,295.7,287.0,167.84,-0.10
120,08/30/2022,288.1,295.2,295.3,287.8,148.11,-1.74
121,08/29/2022,293.2,290.0,294.1,288.9,205.84,1.52
122,08/28/2022,288.8,289.0,291.2,286.8,134.3,0.63
123,08/25/2022,287.0,286.6,287.5,286.6,336.13,0.14
124,08/24/2022,286.6,288.0,288.0,286.6,131.66,-0.10
125,08/23/2022,286.9,286.8,288.0,286.7,158.91,0.07
126,08/22/2022,286.7,288.9,288.9,286.6,358.18,-0.10
127,08/21/2022,287.0,287.0,288.8,286.6,100.43,0.07
128,08/17/2022,286.8,287.0,288.0,286.7,267.1,-0.07
129,08/16/2022,287.0,288.9,288.9,286.6,768.63,-0.07
130,08/14/2022,287.2,288.0,290.9,287.0,58.13,-0.03
131,08/11/2022,287.3,292.0,292.0,286.6,441.34,-5.09
132,08/08/2022,302.7,302.9,305.2,300.1,180.71,-0.23
133,08/07/2022,303.4,300.0,305.0,294.0,190.22,1.23
134,08/04/2022,299.7,299.1,301.5,296.2,138.84,0.67
135,08/03/2022,297.7,301.2,301.2,297.0,264.64,-0.30
136,08/02/2022,298.6,298.9,300.2,295.7,216.45,0.27
137,08/01/2022,297.8,294.1,298.5,294.1,118.48,1.19
138,07/31/2022,294.3,287.3,295.4,287.3,184.72,3.01
139,07/28/2022,285.7,289.4,289.4,283.0,113.17,-0.21
140,07/27/2022,286.3,286.0,287.8,286.0,96.03,0.00
141,07/26/2022,286.3,289.4,289.4,286.0,225.92,-0.28
142,07/25/2022,287.1,286.9,288.0,286.0,129.68,-0.28
143,07/24/2022,287.9,289.5,289.5,285.0,64.1,0.28
144,07/21/2022,287.1,287.5,288.5,286.0,110.78,0.38
145,07/20/2022,286.0,286.3,289.4,285.0,187.8,-0.10
146,07/19/2022,286.3,290.8,291.0,283.8,270.76,-1.11
147,07/18/2022,289.5,289.8,291.6,285.4,486.31,-0.10
148,07/17/2022,289.8,289.9,290.6,288.2,71.21,0.38
149,07/14/2022,288.7,287.8,289.3,286.9,148.58,0.31
150,07/13/2022,287.8,290.0,290.0,287.1,180.5,-0.45
151,07/12/2022,289.1,294.0,294.0,288.0,137.94,0.28
152,07/07/2022,288.3,287.5,290.7,287.5,446.09,-1.70
153,07/06/2022,293.3,292.0,294.9,292.0,244.5,0.76
154,07/05/2022,291.1,277.0,296.7,277.0,0.0,3.01
155,07/04/2022,282.6,282.6,282.6,282.6,92.53,-1.98
156,07/03/2022,288.3,288.3,288.3,288.3,61.42,-1.97
157,06/30/2022,294.1,294.9,294.9,294.1,173.26,-2.00
158,06/29/2022,300.1,302.8,302.9,299.6,329.6,-0.89
159,06/28/2022,302.8,303.1,304.5,301.9,189.08,-0.03
160,06/27/2022,302.9,305.5,305.6,302.5,240.55,-0.88
161,06/26/2022,305.6,305.0,305.9,304.2,37.68,0.63
162,06/23/2022,303.7,305.0,305.0,303.4,98.25,-0.03
163,06/22/2022,303.8,306.9,306.9,303.2,106.34,-0.07
164,06/21/2022,304.0,304.1,307.0,303.4,131.53,-0.10
165,06/20/2022,304.3,306.0,306.7,304.1,131.2,-0.88
166,06/19/2022,307.0,307.0,307.6,305.1,47.78,0.62
167,06/16/2022,305.1,304.5,306.0,304.0,88.7,0.20
168,06/15/2022,304.5,307.8,307.8,304.0,117.0,-0.07
169,06/14/2022,304.7,306.0,306.0,304.2,56.02,-0.36
170,06/13/2022,305.8,307.0,307.7,305.2,50.99,-0.59
171,06/12/2022,307.6,305.9,308.0,305.6,30.2,0.65
172,06/09/2022,305.6,308.0,308.0,305.1,71.72,0.33
173,06/08/2022,304.6,308.0,308.0,302.0,115.28,-0.46
174,06/07/2022,306.0,307.3,310.0,305.5,119.98,-0.39
175,06/06/2022,307.2,313.4,313.6,307.2,183.55,-1.98
176,06/05/2022,313.4,306.9,314.5,306.9,155.72,2.96
177,06/02/2022,304.4,309.5,309.5,304.0,91.34,-0.78
178,06/01/2022,306.8,308.0,308.0,306.0,107.1,-0.10
179,05/31/2022,307.1,310.0,310.0,306.7,52.15,-0.13
180,05/30/2022,307.5,310.0,312.0,306.4,63.46,-0.58
181,05/29/2022,309.3,304.9,314.0,303.5,69.96,2.83
182,05/26/2022,300.8,300.1,303.9,300.0,60.89,-0.03
183,05/25/2022,300.9,305.1,305.1,300.0,190.95,-0.79
184,05/24/2022,303.3,307.0,307.7,302.5,77.34,-0.85
185,05/23/2022,305.9,307.5,308.6,305.0,78.44,0.66
186,05/22/2022,303.9,303.0,304.5,301.2,54.74,0.43
187,05/19/2022,302.6,305.0,305.0,301.5,108.96,-0.46
188,05/18/2022,304.0,308.0,308.0,303.0,210.26,-0.94
189,05/17/2022,306.9,311.9,311.9,305.5,159.56,-0.87
190,05/16/2022,309.6,310.3,315.8,308.6,251.67,-0.23
191,05/12/2022,310.3,316.0,316.0,309.5,238.08,-1.62
192,05/11/2022,315.4,320.5,320.7,315.0,215.13,-1.07
193,05/10/2022,318.8,319.1,322.0,317.9,212.7,-0.03
194,05/09/2022,318.9,321.1,321.8,318.5,150.1,-0.62
195,05/08/2022,320.9,320.1,322.4,320.0,32.76,0.34
196,05/05/2022,319.8,320.1,323.0,319.5,45.63,-0.03
197,04/28/2022,319.9,322.9,322.9,319.0,250.67,-0.19
198,04/27/2022,320.5,326.4,326.4,319.2,278.83,-1.96
199,04/26/2022,326.9,327.0,327.0,325.7,108.82,-0.06
200,04/25/2022,327.1,327.2,327.9,325.2,62.09,0.00
201,04/24/2022,327.1,324.1,327.6,322.5,77.24,0.99
202,04/21/2022,323.9,322.1,324.9,322.1,117.58,0.78
203,04/20/2022,321.4,322.8,322.8,320.4,103.3,0.41
204,04/19/2022,320.1,320.0,322.0,317.1,346.47,0.09
205,04/18/2022,319.8,323.1,323.1,319.1,98.05,-1.02
206,04/17/2022,323.1,320.6,325.0,320.0,37.83,1.00
207,04/13/2022,319.9,326.0,326.0,316.0,89.0,0.25
208,04/12/2022,319.1,321.6,322.2,318.7,98.97,-0.93
209,04/11/2022,322.1,324.9,324.9,321.4,61.5,0.06
210,04/10/2022,321.9,324.7,324.7,321.5,41.52,0.12
211,04/07/2022,321.5,320.4,323.7,318.5,69.27,0.37
212,04/06/2022,320.3,323.3,327.5,319.3,114.28,-1.45
213,04/05/2022,325.0,325.1,326.0,324.1,47.79,0.03
214,04/04/2022,324.9,329.9,329.9,324.1,84.04,-1.16
215,04/03/2022,328.7,328.9,329.9,328.5,34.4,-0.06
216,03/31/2022,328.9,329.7,330.0,327.5,58.87,0.06
217,03/30/2022,328.7,329.8,330.0,327.9,21.31,0.18
218,03/29/2022,328.1,330.9,331.0,327.1,74.71,-0.85
219,03/28/2022,330.9,329.9,331.6,328.3,103.01,0.67
220,03/27/2022,328.7,325.8,331.0,325.0,42.09,0.95
221,03/24/2022,325.6,325.1,329.0,324.1,62.95,0.03
222,03/23/2022,325.5,328.0,328.4,323.7,68.84,0.25
223,03/22/2022,324.7,327.0,327.0,323.3,141.56,-0.09
224,03/21/2022,325.0,326.2,326.9,322.1,49.62,-0.34
225,03/20/2022,326.1,326.0,329.4,325.3,35.11,0.06
226,03/16/2022,325.9,330.1,332.0,325.5,113.89,-1.84
227,03/15/2022,332.0,334.0,334.0,330.2,30.3,0.61
228,03/14/2022,330.0,329.9,342.8,327.2,120.15,0.67
229,03/13/2022,327.8,322.0,329.8,322.0,87.04,1.74
230,03/10/2022,322.2,324.0,326.9,318.0,119.58,0.53
231,03/09/2022,320.5,320.0,325.5,318.8,171.79,1.30
232,03/08/2022,316.4,320.2,320.2,315.0,192.18,-0.38
233,03/07/2022,317.6,327.9,327.9,317.2,167.37,-1.70
234,03/06/2022,323.1,333.0,333.0,322.0,150.06,-1.73
235,03/03/2022,328.8,338.7,338.7,327.5,201.8,-1.88
236,03/02/2022,335.1,340.5,340.5,333.4,130.68,-1.53
237,03/01/2022,340.3,340.0,341.6,340.0,68.7,0.09
238,02/28/2022,340.0,340.5,344.3,339.5,97.32,-0.26
239,02/27/2022,340.9,345.0,347.7,336.0,62.0,-0.29
240,02/24/2022,341.9,349.3,349.3,340.2,184.96,-3.80
241,02/22/2022,355.4,355.8,356.2,354.2,158.41,0.23
242,02/20/2022,354.6,358.8,358.8,352.3,106.82,-0.62
243,02/17/2022,356.8,357.0,358.0,354.6,120.94,-0.25
244,02/16/2022,357.7,357.0,358.0,356.2,112.18,-0.06
245,02/15/2022,357.9,358.0,359.5,357.0,152.37,0.08
246,02/14/2022,357.6,358.0,359.5,357.3,101.49,-0.08
247,02/13/2022,357.9,358.0,358.6,357.0,61.98,-0.03
248,02/10/2022,358.0,357.0,358.5,355.0,56.07,0.03
249,02/09/2022,357.9,359.5,359.5,356.5,53.83,-0.08
250,02/08/2022,358.2,357.4,358.5,355.8,87.08,0.67
251,02/07/2022,355.8,355.3,358.0,354.7,127.29,-0.59
252,02/06/2022,357.9,354.5,358.2,354.2,54.85,0.76
253,02/03/2022,355.2,356.9,356.9,354.5,54.94,0.00
254,02/02/2022,355.2,355.0,355.9,354.6,52.96,0.17
255,02/01/2022,354.6,356.9,356.9,354.1,29.76,-0.37
256,01/31/2022,355.9,356.2,356.7,353.0,45.04,0.54
257,01/30/2022,354.0,352.0,355.8,351.5,64.73,0.74
258,01/27/2022,351.4,351.4,355.0,350.0,168.17,-1.13
259,01/26/2022,355.4,356.0,358.0,354.6,47.11,0.06
260,01/25/2022,355.2,359.0,359.4,355.0,75.18,-1.06
261,01/24/2022,359.0,359.8,360.0,358.5,57.93,0.06
262,01/23/2022,358.8,356.2,359.3,355.0,57.88,0.42
263,01/20/2022,357.3,359.2,360.0,356.0,110.03,-0.47
264,01/19/2022,359.0,358.6,359.5,358.6,50.7,0.11
265,01/18/2022,358.6,360.0,360.0,358.1,46.29,-0.25
266,01/17/2022,359.5,360.0,360.0,358.1,52.26,0.03
267,01/16/2022,359.4,359.9,360.8,358.6,110.16,0.03
268,01/13/2022,359.3,357.1,360.4,357.0,144.82,0.62
269,01/12/2022,357.1,354.0,359.9,354.0,180.61,1.05
270,01/11/2022,353.4,350.0,355.9,350.0,120.84,0.97
271,01/10/2022,350.0,350.1,350.7,348.0,126.17,0.49
272,01/06/2022,348.3,346.5,350.0,345.2,168.72,0.55
273,01/05/2022,346.4,350.3,350.3,346.0,189.86,-0.80
274,01/04/2022,349.2,347.8,349.5,347.8,54.66,0.40
275,01/03/2022,347.8,350.6,353.0,346.1,153.23,-0.51
276,01/02/2022,349.6,350.0,350.9,349.1,34.53,0.03
277,12/30/2021,349.5,348.5,351.8,348.5,62.76,0.32
278,12/29/2021,348.4,350.0,351.4,348.0,51.66,-0.46
279,12/28/2021,350.0,349.2,351.0,349.2,55.77,0.26
280,12/27/2021,349.1,348.5,350.3,348.5,53.42,-0.26
281,12/26/2021,350.0,350.0,351.5,347.0,64.27,-0.09
282,12/23/2021,350.3,349.9,351.0,348.2,112.94,0.11
283,12/22/2021,349.9,351.9,352.0,349.0,82.18,0.14
284,12/21/2021,349.4,350.5,351.8,348.3,103.35,0.03
285,12/20/2021,349.3,353.2,353.2,346.6,173.88,-1.10
286,12/19/2021,353.2,352.8,354.4,352.7,69.64,-0.56
287,12/15/2021,355.2,357.3,357.4,354.0,81.87,0.17
288,12/14/2021,354.6,358.0,359.5,353.0,96.27,-1.14
289,12/13/2021,358.7,358.0,360.0,357.6,116.38,-0.03
290,12/12/2021,358.8,360.0,360.8,357.1,83.57,-0.14
291,12/09/2021,359.3,361.8,361.8,358.0,44.8,-0.14
292,12/08/2021,359.8,362.2,362.2,358.6,34.81,-0.30
293,12/07/2021,360.9,361.9,362.5,360.2,44.06,0.06
294,12/06/2021,360.7,362.8,363.0,360.0,43.59,-0.36
295,12/05/2021,362.0,360.7,362.2,358.5,36.76,0.92
296,12/02/2021,358.7,355.0,359.8,353.0,126.72,0.82
297,12/01/2021,355.8,359.0,359.0,351.5,95.51,2.15
298,11/30/2021,348.3,363.0,363.0,346.0,278.78,-3.22
299,11/29/2021,359.9,360.4,361.4,359.2,29.9,-0.11
300,11/28/2021,360.3,360.0,361.1,358.7,49.51,-0.08
301,11/25/2021,360.6,360.1,362.5,359.0,80.13,0.08
302,11/24/2021,360.3,359.6,362.4,359.2,62.91,-0.22
303,11/23/2021,361.1,359.0,362.5,359.0,44.46,0.33
304,11/22/2021,359.9,360.0,361.4,359.0,47.7,0.03
305,11/21/2021,359.8,360.5,364.7,358.5,44.54,-0.22
306,11/18/2021,360.6,362.0,363.0,359.5,41.6,0.03
307,11/17/2021,360.5,361.0,363.0,358.7,58.32,-0.33
308,11/16/2021,361.7,361.9,363.7,359.0,74.02,0.67
309,11/15/2021,359.3,360.2,362.4,358.8,82.85,-0.25
310,11/14/2021,360.2,361.9,363.7,359.0,26.23,0.31
311,11/11/2021,359.1,354.7,362.0,354.7,117.38,1.13
312,11/10/2021,355.1,356.0,356.8,354.0,55.14,0.08
313,11/09/2021,354.8,354.4,357.0,354.4,97.28,-0.31
314,11/08/2021,355.9,355.0,357.5,353.0,57.08,0.23
315,11/07/2021,355.1,355.8,356.1,355.0,38.82,0.11
316,11/04/2021,354.7,352.2,359.8,352.0,62.32,0.37
317,11/03/2021,353.4,356.6,356.6,353.1,43.12,-0.90
318,11/02/2021,356.6,364.0,364.0,354.1,126.53,0.76
319,11/01/2021,353.9,359.0,359.9,350.2,149.12,-1.28
320,10/31/2021,358.5,358.0,361.1,357.0,131.29,0.93
321,10/28/2021,355.2,353.9,359.0,353.7,109.01,0.42
322,10/27/2021,353.7,356.0,356.0,349.6,223.0,0.63
323,10/26/2021,351.5,357.0,357.0,347.0,228.38,-1.65
324,10/25/2021,357.4,360.0,360.9,356.0,156.75,-0.72
325,10/24/2021,360.0,363.8,364.0,359.0,85.79,-1.50
326,10/21/2021,365.5,362.1,366.9,361.0,67.92,1.05
327,10/19/2021,361.7,359.2,368.7,359.2,171.32,-0.50
328,10/18/2021,363.5,369.0,369.2,361.0,232.73,-1.38
329,10/17/2021,368.6,367.1,370.3,365.0,117.7,0.46
330,10/14/2021,366.9,368.0,370.0,365.2,124.32,0.19
331,10/13/2021,366.2,368.3,370.0,366.1,202.28,-0.57
332,10/12/2021,368.3,370.1,370.3,367.9,349.89,-0.59
333,10/11/2021,370.5,372.4,373.0,370.0,186.43,-0.48
334,10/10/2021,372.3,372.1,374.0,372.1,105.1,-0.32
335,10/07/2021,373.5,376.8,376.8,369.1,314.34,-0.37
336,10/06/2021,374.9,384.8,384.8,373.6,237.75,-1.08
337,10/05/2021,379.0,378.2,380.0,376.1,219.39,0.24
338,10/04/2021,378.1,380.0,380.1,376.1,362.43,0.05
339,10/03/2021,377.9,380.2,381.9,377.0,187.07,-0.60
340,09/30/2021,380.2,380.6,383.5,379.0,271.98,-0.11
341,09/29/2021,380.6,381.2,384.0,379.0,218.54,-0.31
342,09/28/2021,381.8,384.9,384.9,381.1,171.42,-0.31
343,09/27/2021,383.0,379.2,384.0,379.2,232.44,0.55
344,09/26/2021,380.9,381.0,382.0,379.0,168.62,-0.13
345,09/23/2021,381.4,383.9,383.9,380.0,130.06,-0.50
346,09/22/2021,383.3,383.6,385.0,382.0,171.75,-0.10
347,09/21/2021,383.7,381.0,385.0,378.1,239.71,0.87
348,09/20/2021,380.4,380.0,383.0,378.0,252.86,-0.42
349,09/19/2021,382.0,384.9,385.0,381.1,68.81,-0.65
350,09/16/2021,384.5,379.2,385.3,377.6,276.3,1.40
351,09/15/2021,379.2,379.0,379.9,374.1,336.43,-0.13
352,09/14/2021,379.7,385.2,386.2,378.5,398.39,-1.68
353,09/13/2021,386.2,389.7,389.7,380.0,189.14,-0.41
354,09/12/2021,387.8,386.0,396.8,386.0,402.92,0.34
355,09/09/2021,386.5,384.3,388.9,376.0,262.81,0.57
356,09/08/2021,384.3,381.0,387.9,379.4,394.38,1.00
357,09/07/2021,380.5,372.5,383.0,372.3,432.29,2.15
358,09/06/2021,372.5,369.9,373.2,368.8,308.54,1.44
359,09/05/2021,367.2,363.3,368.4,363.3,279.79,1.35
360,09/02/2021,362.3,362.5,365.0,362.0,172.02,0.06
361,09/01/2021,362.1,364.9,366.0,361.8,104.74,-0.14
362,08/31/2021,362.6,360.5,366.0,360.0,311.72,0.58
363,08/29/2021,360.5,367.0,367.0,360.0,119.44,-1.21
364,08/26/2021,364.9,365.1,368.0,364.0,146.66,-0.71
365,08/25/2021,367.5,369.9,370.0,367.0,66.41,-0.49
366,08/24/2021,369.3,365.0,369.7,364.0,105.93,0.96
367,08/23/2021,365.8,364.0,366.5,362.5,93.81,0.52
368,08/22/2021,363.9,362.9,365.7,358.2,276.24,1.25
369,08/19/2021,359.4,359.8,364.0,358.3,110.8,-0.08
370,08/18/2021,359.7,359.2,361.0,359.2,85.87,0.17
371,08/17/2021,359.1,361.0,362.9,358.3,132.73,-0.47
372,08/16/2021,360.8,365.9,365.9,359.1,155.55,-0.61
373,08/12/2021,363.0,366.0,366.0,360.5,160.1,-0.82
374,08/11/2021,366.0,360.0,369.0,356.2,459.65,1.41
375,08/10/2021,360.9,361.0,361.0,360.1,355.02,-2.35
376,08/05/2021,369.6,368.0,371.7,366.2,511.43,0.35
377,08/03/2021,368.3,372.0,372.0,365.2,279.56,-0.65
378,08/02/2021,370.7,380.0,380.0,369.5,490.93,-2.27
379,07/29/2021,379.3,375.0,380.0,372.3,329.62,1.25
380,07/28/2021,374.6,365.0,375.8,365.0,275.17,1.46
381,07/27/2021,369.2,369.5,371.0,365.0,174.15,0.74
382,07/26/2021,366.5,363.5,367.4,363.0,241.6,0.77
383,07/25/2021,363.7,365.0,365.1,361.0,125.31,-0.55
384,07/19/2021,365.7,364.0,366.4,362.5,214.73,1.05
385,07/18/2021,361.9,358.0,362.9,356.5,221.46,1.49
386,07/15/2021,356.6,359.0,359.0,355.0,166.42,0.39
387,07/14/2021,355.2,358.2,360.0,353.2,105.68,-0.84
388,07/13/2021,358.2,357.4,362.0,355.4,271.46,0.79
389,07/12/2021,355.4,356.5,357.5,353.0,261.96,1.02
390,07/08/2021,351.8,350.0,352.9,349.1,157.91,0.66
391,07/07/2021,349.5,347.7,350.8,346.8,160.1,0.46
392,07/06/2021,347.9,348.4,350.3,346.3,115.5,-0.14
393,07/05/2021,348.4,349.4,349.9,346.0,128.81,-0.29
394,07/04/2021,349.4,349.4,352.0,346.5,203.24,0.00
395,06/30/2021,349.4,346.9,352.0,346.5,203.24,0.55
396,06/29/2021,347.5,346.2,349.0,345.0,118.23,0.35
397,06/28/2021,346.3,345.0,347.5,344.3,62.23,0.12
398,06/27/2021,345.9,344.0,347.7,344.0,172.79,-0.09
399,06/24/2021,346.2,346.2,348.0,344.3,145.68,-0.20
400,06/23/2021,346.9,345.2,348.0,345.0,98.06,0.49
401,06/22/2021,345.2,344.9,347.0,343.4,203.24,0.61
402,06/21/2021,343.1,344.0,345.6,342.7,202.38,-0.06
403,06/20/2021,343.3,344.1,345.8,343.0,132.41,-0.23
404,06/17/2021,344.1,343.6,347.0,343.6,37.87,0.26
405,06/16/2021,343.2,348.0,348.1,342.3,136.65,-0.26
406,06/15/2021,344.1,347.4,349.0,343.2,193.9,-0.95
407,06/14/2021,347.4,352.8,352.8,346.9,109.74,-1.47
408,06/13/2021,352.6,351.0,353.4,348.1,122.6,0.00
409,06/10/2021,352.6,347.1,353.0,346.0,250.07,1.03
410,06/09/2021,349.0,346.9,349.7,346.9,178.53,0.61
411,06/08/2021,346.9,345.0,348.0,343.3,88.2,0.06
412,06/07/2021,346.7,349.5,350.7,346.1,132.85,-1.03
413,06/06/2021,350.3,351.9,352.4,348.0,115.94,-0.62
414,06/03/2021,352.5,346.9,355.0,345.4,256.14,1.64
415,06/02/2021,346.8,346.5,347.4,343.4,64.89,0.12
416,06/01/2021,346.4,346.3,347.5,346.1,194.62,0.03
417,05/31/2021,346.3,345.5,347.0,343.3,185.76,0.38
418,05/30/2021,345.0,348.4,348.4,344.0,125.15,-0.49
419,05/27/2021,346.7,344.8,349.0,340.1,194.85,1.64
420,05/25/2021,341.1,341.1,345.0,340.1,97.01,-0.58
421,05/24/2021,343.1,340.5,344.8,339.2,159.43,0.91
422,05/23/2021,340.0,342.9,343.0,337.8,69.71,0.27
423,05/20/2021,339.1,343.0,343.0,338.0,212.28,-1.02
424,05/19/2021,342.6,344.1,345.8,341.6,274.38,-0.41
425,05/18/2021,344.0,342.2,345.0,342.2,102.15,-0.06
426,05/17/2021,344.2,344.5,344.9,341.2,184.77,0.23
427,05/16/2021,343.4,346.6,346.9,341.1,124.77,-0.92
428,05/12/2021,346.6,346.2,348.4,343.1,141.76,0.12
429,05/11/2021,346.2,340.0,349.0,339.0,316.25,2.21
430,05/09/2021,338.7,335.0,339.9,333.3,84.44,1.65
431,05/06/2021,333.2,335.0,337.0,332.0,334.96,-0.45
432,05/05/2021,334.7,337.0,340.0,334.2,260.5,-0.68
433,05/04/2021,337.0,339.5,340.0,336.0,140.82,-0.74
434,05/03/2021,339.5,342.0,342.0,338.8,112.32,-0.44
435,05/02/2021,341.0,341.0,343.0,338.0,52.94,0.59
436,04/29/2021,339.0,341.0,341.0,338.4,105.5,-0.24
437,04/28/2021,339.8,338.8,341.0,335.0,81.47,0.30
438,04/27/2021,338.8,340.0,340.4,337.0,106.91,-0.41
439,04/26/2021,340.2,339.0,341.0,338.5,66.06,0.29
440,04/25/2021,339.2,337.3,341.0,337.3,70.55,0.65
441,04/22/2021,337.0,337.1,340.2,336.5,79.58,0.03
442,04/21/2021,336.9,340.2,340.3,336.3,103.76,-0.74
443,04/20/2021,339.4,336.3,341.9,336.1,156.71,-1.31
444,04/19/2021,343.9,341.9,345.0,340.2,62.41,0.56
445,04/18/2021,342.0,343.9,343.9,336.1,63.44,1.12
446,04/15/2021,338.2,342.0,342.0,335.0,34.37,0.93
447,04/13/2021,335.1,330.0,337.0,327.4,68.06,1.21
448,04/12/2021,331.1,330.0,332.1,328.2,70.09,1.32
449,04/11/2021,326.8,328.0,330.0,325.4,98.09,-2.04
450,04/08/2021,333.6,325.0,339.0,325.0,56.89,-0.48
451,04/07/2021,335.2,336.5,337.2,334.2,67.04,1.15
452,04/06/2021,331.4,322.0,332.0,322.0,66.43,3.66
453,04/05/2021,319.7,319.1,324.0,318.0,187.41,0.19
454,04/04/2021,319.1,320.0,321.9,315.1,273.11,-1.97
455,04/01/2021,325.5,330.0,330.0,323.1,172.69,-0.91
456,03/31/2021,328.5,334.5,335.6,328.0,363.65,-2.38
457,03/29/2021,336.5,340.0,340.0,336.0,133.1,-0.36
458,03/28/2021,337.7,338.0,339.0,335.0,87.7,0.00
459,03/25/2021,337.7,341.9,342.3,336.0,120.58,-0.56
460,03/24/2021,339.6,344.0,344.0,338.3,153.43,-0.64
461,03/23/2021,341.8,341.7,344.6,340.0,80.14,0.03
462,03/22/2021,341.7,339.0,342.3,338.0,116.12,0.65
463,03/21/2021,339.5,342.0,344.0,337.8,317.65,-1.34
464,03/18/2021,344.1,344.8,348.0,342.4,143.0,-0.41
465,03/16/2021,345.5,346.0,349.2,343.1,84.98,-0.37
466,03/15/2021,346.8,347.0,351.9,346.0,96.32,-0.60
467,03/14/2021,348.9,346.7,350.0,346.6,123.26,0.66
468,03/11/2021,346.6,345.6,348.5,345.0,105.03,0.29
469,03/10/2021,345.6,352.0,352.0,344.9,203.26,-1.09
470,03/09/2021,349.4,355.0,359.0,348.0,393.05,-0.82
471,03/08/2021,352.3,343.8,354.5,342.0,505.24,2.47
472,03/07/2021,343.8,340.3,344.0,340.3,107.62,1.03
473,03/04/2021,340.3,344.1,344.1,338.5,105.92,-0.23
474,03/03/2021,341.1,341.5,345.0,340.1,87.09,0.12
475,03/02/2021,340.7,341.0,342.5,339.0,181.93,1.19
476,03/01/2021,336.7,342.5,342.5,336.0,244.83,-0.47
477,02/28/2021,338.3,339.2,342.9,336.5,116.99,-0.15
478,02/25/2021,338.8,345.7,345.7,338.0,265.95,-0.82
479,02/24/2021,341.6,341.0,345.2,339.5,167.47,0.29
480,02/23/2021,340.6,349.0,350.0,338.0,229.59,-0.87
481,02/22/2021,343.6,359.7,359.7,342.9,246.62,-3.07
482,02/18/2021,354.5,360.0,362.0,353.5,313.02,-4.60
483,02/16/2021,371.6,377.9,379.0,370.5,341.98,-0.91
484,02/15/2021,375.0,374.0,379.0,370.1,267.27,0.91
485,02/14/2021,371.6,373.0,373.8,368.0,188.43,-0.32
486,02/11/2021,372.8,375.1,379.8,371.0,256.15,-1.61
487,02/10/2021,378.9,377.7,383.1,375.5,318.5,0.96
488,02/09/2021,375.3,367.7,376.8,367.7,244.95,2.07
489,02/08/2021,367.7,376.8,378.0,365.0,239.81,-2.98
490,02/07/2021,379.0,385.0,385.0,378.5,198.65,-1.10
491,02/04/2021,383.2,379.9,384.0,377.1,506.63,1.81
492,02/03/2021,376.4,369.7,379.0,369.1,222.46,1.92
493,02/02/2021,369.3,370.1,372.0,368.6,151.45,-0.27
494,02/01/2021,370.3,371.0,373.0,368.0,132.6,-0.43
495,01/31/2021,371.9,380.0,384.0,370.0,161.36,-1.35
496,01/28/2021,377.0,384.4,384.4,374.0,354.91,0.94
497,01/27/2021,373.5,365.2,375.0,365.2,164.38,1.74
498,01/26/2021,367.1,368.0,369.7,364.7,172.94,-0.81
499,01/25/2021,370.1,372.2,372.2,367.1,197.14,-0.70
500,01/24/2021,372.7,375.0,375.0,371.0,131.39,-0.13
501,01/21/2021,373.2,377.0,377.2,372.5,147.32,-0.72
502,01/20/2021,375.9,379.9,383.0,374.0,318.8,-1.88
503,01/19/2021,383.1,384.2,385.0,381.0,179.96,-0.26
504,01/18/2021,384.1,377.0,391.0,376.3,641.21,2.10
505,01/17/2021,376.2,375.4,379.7,370.0,431.77,0.62
506,01/14/2021,373.9,370.0,379.7,370.0,279.07,1.55
507,01/13/2021,368.2,374.5,375.8,365.0,357.09,-1.58
508,01/12/2021,374.1,370.1,377.0,370.1,241.59,1.08
509,01/11/2021,370.1,373.6,375.2,367.0,293.95,-0.59
510,01/10/2021,372.3,366.3,374.0,365.0,131.53,1.67
511,01/07/2021,366.2,376.0,376.0,366.0,288.82,-1.35
512,01/06/2021,371.2,376.0,379.6,366.0,456.97,-1.38
513,01/05/2021,376.4,370.6,388.0,367.5,438.32,1.57
514,01/04/2021,370.6,360.1,376.0,360.1,463.51,3.40
515,01/03/2021,358.4,348.0,365.0,344.0,436.62,3.26
516,12/30/2020,347.1,349.9,349.9,346.0,265.17,-0.74
517,12/29/2020,349.7,353.0,353.5,348.0,251.45,-1.13
518,12/28/2020,353.7,350.5,355.1,347.0,479.78,1.06
519,12/27/2020,350.0,344.0,351.9,342.0,280.69,2.61
520,12/24/2020,341.1,337.5,343.9,337.2,262.22,1.16
521,12/23/2020,337.2,337.6,340.0,333.0,155.6,-0.09
522,12/22/2020,337.5,341.4,341.4,336.5,85.28,-1.14
523,12/21/2020,341.4,341.1,344.9,336.0,244.97,0.38
524,12/20/2020,340.1,348.5,348.5,338.0,132.3,-1.71
525,12/17/2020,346.0,356.7,356.7,345.1,371.48,-3.03
526,12/15/2020,356.8,351.0,357.9,349.0,398.77,1.88
527,12/14/2020,350.2,346.0,352.0,344.6,415.99,1.36
528,12/13/2020,345.5,343.0,349.1,342.0,210.6,1.17
529,12/10/2020,341.5,334.9,342.0,334.9,322.21,1.97
530,12/09/2020,334.9,334.1,335.3,332.0,186.68,0.24
531,12/08/2020,334.1,327.8,334.9,327.8,251.0,1.61
532,12/07/2020,328.8,325.1,330.0,325.0,164.68,0.83
533,12/06/2020,326.1,320.1,327.9,319.6,129.76,2.10
534,12/03/2020,319.4,318.0,320.0,318.0,223.88,0.44
535,12/02/2020,318.0,320.1,320.1,317.1,134.2,-0.63
536,12/01/2020,320.0,321.0,321.0,319.5,126.73,0.28
537,11/30/2020,319.1,318.2,321.5,318.0,117.66,-0.75
538,11/29/2020,321.5,319.2,322.5,318.0,27.11,0.72
539,11/26/2020,319.2,319.0,325.8,314.6,316.66,-0.50
540,11/25/2020,320.8,324.7,324.7,319.0,62.64,0.82
541,11/24/2020,318.2,322.0,322.0,317.5,225.01,-0.78
542,11/23/2020,320.7,323.1,325.0,316.0,182.56,-1.41
543,11/22/2020,325.3,327.0,327.0,325.0,152.14,-0.46
544,11/19/2020,326.8,328.8,328.8,325.9,342.85,-0.61
545,11/18/2020,328.8,329.7,332.0,327.9,169.26,-0.27
546,11/17/2020,329.7,329.0,331.0,327.9,146.02,0.03
547,11/16/2020,329.6,330.0,331.0,328.5,100.54,0.12
548,11/15/2020,329.2,330.2,332.0,328.7,92.44,-0.30
549,11/12/2020,330.2,332.5,332.8,329.0,130.28,-1.37
550,11/11/2020,334.8,332.0,336.4,330.2,125.73,0.69
551,11/10/2020,332.5,333.0,334.0,330.0,97.49,-0.69
552,11/09/2020,334.8,336.3,337.2,332.0,87.03,-0.71
553,11/08/2020,337.2,336.2,339.9,335.0,150.4,0.33
554,11/05/2020,336.1,328.3,337.5,328.3,164.17,2.25
555,11/04/2020,328.7,329.0,331.0,328.0,157.03,0.03
556,11/03/2020,328.6,330.0,330.3,328.6,84.4,-0.09
557,11/02/2020,328.9,329.0,330.2,328.2,62.83,-0.09
558,11/01/2020,329.2,329.7,331.0,327.9,82.54,-0.15
559,10/29/2020,329.7,329.5,331.8,329.0,79.47,-0.09
560,10/28/2020,330.0,330.1,331.0,329.0,485.67,-0.66
561,10/27/2020,332.2,332.2,333.2,330.6,135.63,0.06
562,10/25/2020,332.0,328.9,333.4,328.9,180.87,0.61
563,10/22/2020,330.0,331.3,331.3,329.5,152.73,-0.39
564,10/21/2020,331.3,331.9,333.6,330.4,190.84,-0.18
565,10/20/2020,331.9,336.0,338.9,331.3,137.88,-1.19
566,10/19/2020,335.9,336.0,341.6,335.3,174.04,0.27
567,10/18/2020,335.0,342.0,344.5,333.6,126.63,-1.79
568,10/15/2020,341.1,335.0,342.5,332.3,281.54,2.10
569,10/14/2020,334.1,333.0,336.2,331.1,97.17,0.27
570,10/13/2020,333.2,332.0,337.0,329.5,132.83,0.73
571,10/12/2020,330.8,330.9,331.8,325.7,236.68,0.55
572,10/11/2020,329.0,327.3,330.5,325.8,227.17,0.21
573,10/08/2020,328.3,326.1,331.5,325.0,167.26,0.43
574,10/07/2020,326.9,328.8,328.8,325.4,95.93,0.09
575,10/06/2020,326.6,328.8,330.0,326.1,198.42,-0.67
576,10/05/2020,328.8,330.0,332.0,328.5,177.62,-0.39
577,10/04/2020,330.1,331.7,332.9,328.5,131.69,-0.27
578,10/01/2020,331.0,329.0,332.9,327.5,155.11,0.30
579,09/30/2020,330.0,331.9,331.9,329.7,112.12,-0.57
580,09/29/2020,331.9,330.2,333.4,330.0,135.26,0.30
581,09/28/2020,330.9,330.6,333.5,330.0,159.61,0.09
582,09/27/2020,330.6,336.0,336.8,329.4,184.44,-1.37
583,09/24/2020,335.2,337.8,337.8,331.5,199.34,-0.42
584,09/23/2020,336.6,329.0,337.6,327.3,226.37,2.15
585,09/22/2020,329.5,333.0,333.0,327.0,268.87,-0.66
586,09/21/2020,331.7,337.0,339.0,327.7,355.18,-1.49
587,09/20/2020,336.7,341.0,341.0,335.7,485.62,-1.20
588,09/17/2020,340.8,340.7,344.8,340.0,341.12,0.03
589,09/16/2020,340.7,345.0,347.9,340.0,301.92,-1.50
590,09/15/2020,345.9,350.6,350.6,344.0,265.64,-1.20
591,09/14/2020,350.1,354.0,354.7,346.3,283.89,-0.77
592,09/13/2020,352.8,347.6,353.8,347.6,298.43,1.50
593,09/10/2020,347.6,344.9,348.9,339.9,464.77,1.28
594,09/09/2020,343.2,339.0,346.0,337.0,417.33,2.05
595,09/08/2020,336.3,326.9,344.0,326.9,610.78,3.22
596,09/07/2020,325.8,320.6,328.0,320.6,348.36,1.15
597,09/06/2020,322.1,323.0,323.9,320.7,300.0,-0.25
598,09/03/2020,322.9,322.0,324.3,319.0,568.82,0.56
599,09/02/2020,321.1,322.0,323.4,316.0,506.74,0.31
600,09/01/2020,320.1,320.4,325.1,316.0,640.52,0.53
601,08/31/2020,318.4,315.0,320.6,312.7,648.17,1.11
602,08/27/2020,314.9,317.0,318.7,314.2,710.84,-0.19
603,08/26/2020,315.5,315.0,318.7,312.9,576.1,0.96
604,08/25/2020,312.5,301.7,314.5,299.5,783.57,4.34
605,08/24/2020,299.5,295.0,302.5,293.0,754.99,1.87
606,08/23/2020,294.0,287.0,298.0,287.0,544.98,2.76
607,08/20/2020,286.1,285.0,290.0,284.2,264.52,0.14
608,08/19/2020,285.7,286.9,292.0,284.6,272.88,0.67
609,08/18/2020,283.8,288.0,288.0,278.0,697.64,-1.18
610,08/17/2020,287.2,292.4,293.4,286.0,700.5,-1.54
611,08/16/2020,291.7,294.0,294.0,286.0,528.69,0.59
612,08/13/2020,290.0,290.0,298.0,288.0,657.91,0.59
613,08/12/2020,288.3,139.1,289.0,277.0,747.12,3.97
614,08/10/2020,277.3,271.5,278.7,264.1,0.0,2.29
615,08/09/2020,271.1,255.0,276.0,254.2,720.34,6.65
616,08/06/2020,254.2,258.0,258.0,253.0,848.58,-3.53
617,08/04/2020,263.5,264.8,267.9,263.0,608.06,0.00
618,08/03/2020,263.5,259.0,264.7,258.6,428.42,1.93
619,07/30/2020,258.5,255.0,259.9,254.4,560.36,1.61
620,07/29/2020,254.4,255.0,256.0,253.2,349.24,0.08
621,07/28/2020,254.2,255.0,256.5,253.1,382.74,-0.27
622,07/27/2020,254.9,259.9,261.9,252.3,452.45,-1.24
623,07/26/2020,258.1,251.0,258.9,251.0,659.71,2.91
624,07/23/2020,250.8,246.1,252.0,246.1,699.77,1.66
625,07/22/2020,246.7,246.5,247.4,245.7,439.05,0.08
626,07/21/2020,246.5,245.9,248.8,245.3,254.7,0.24
627,07/20/2020,245.9,244.5,247.5,243.5,504.17,0.74
628,07/19/2020,244.1,243.0,245.0,241.4,262.67,0.91
629,07/16/2020,241.9,248.0,248.0,241.3,350.6,-0.08
630,07/15/2020,242.1,243.0,245.0,240.8,566.39,1.25
631,07/14/2020,239.1,240.6,240.6,238.9,218.18,-0.33
632,07/13/2020,239.9,244.2,245.0,239.5,348.47,-1.76
633,07/12/2020,244.2,241.0,245.0,241.0,322.22,1.83
634,07/09/2020,239.8,238.8,244.0,238.8,0.0,0.42
635,07/08/2020,238.8,238.8,238.8,238.8,27.66,0.00
636,07/07/2020,238.8,238.8,238.8,238.8,23.99,0.00
637,07/06/2020,238.8,238.8,238.8,238.8,21.15,0.00
638,07/05/2020,238.8,238.8,238.8,238.8,24.41,0.00
639,07/02/2020,238.8,238.8,238.8,238.8,17.04,0.00
640,06/30/2020,238.8,238.8,238.8,238.8,56.08,0.00
641,06/29/2020,238.8,238.8,238.8,238.8,52.61,0.00
642,06/28/2020,238.8,238.8,238.8,238.8,31.82,0.00
643,06/25/2020,238.8,238.8,238.8,238.8,46.26,0.00
644,06/24/2020,238.8,238.8,238.8,238.8,28.86,0.00
645,06/23/2020,238.8,238.8,238.8,238.8,25.08,0.00
646,06/22/2020,238.8,238.8,238.8,238.8,18.08,0.00
647,06/21/2020,238.8,238.8,238.8,238.8,39.27,0.00
648,06/18/2020,238.8,238.8,238.8,238.8,17.23,0.00
649,06/17/2020,238.8,238.8,238.8,238.8,22.87,0.00
650,06/16/2020,238.8,238.8,238.8,238.8,20.35,0.00
651,06/15/2020,238.8,238.8,238.8,238.8,57.62,0.00
652,06/14/2020,238.8,238.8,238.8,238.8,62.38,0.00
653,06/11/2020,238.8,238.8,239.0,238.8,71.01,0.00
654,06/10/2020,238.8,238.8,238.8,238.8,69.3,0.00
655,06/09/2020,238.8,238.8,238.8,238.8,62.64,0.00
656,06/08/2020,238.8,238.8,240.0,238.8,159.81,-0.04
657,06/07/2020,238.9,239.0,240.8,238.8,319.58,-0.04
658,06/04/2020,239.0,238.9,241.0,238.8,197.81,0.04
659,06/03/2020,238.9,240.0,242.3,238.8,284.61,-0.46
660,06/02/2020,240.0,244.5,248.0,238.8,427.77,-1.44
661,06/01/2020,243.5,258.5,263.0,242.3,381.98,-4.85
662,05/31/2020,255.9,239.1,258.8,238.8,260.3,7.16
663,03/29/2020,238.8,238.8,238.8,238.8,62.01,0.00
664,03/25/2020,238.8,238.8,238.8,238.8,62.01,0.00
665,03/24/2020,238.8,238.8,238.8,238.8,16.38,0.00
666,03/23/2020,238.8,238.8,238.8,238.8,154.6,0.00
667,03/22/2020,238.8,239.0,239.0,238.8,65.67,1.40
668,03/19/2020,235.5,235.5,235.5,235.5,14.12,7.29
669,03/18/2020,219.5,233.2,236.8,211.0,843.72,-4.48
670,03/16/2020,229.8,242.8,244.0,229.0,325.97,-4.73
671,03/15/2020,241.2,248.0,250.0,228.0,429.34,-2.74
672,03/12/2020,248.0,258.5,260.0,247.0,424.19,-2.94
673,03/11/2020,255.5,255.0,258.4,252.9,292.1,0.87
674,03/10/2020,253.3,252.0,259.5,252.0,258.43,1.28
675,03/09/2020,250.1,262.1,262.1,249.1,535.51,-5.87
676,03/08/2020,265.7,263.5,269.8,258.0,202.39,0.72
677,03/05/2020,263.8,270.0,270.0,262.7,195.22,-2.26
678,03/04/2020,269.9,271.0,273.3,268.0,232.84,0.52
679,03/03/2020,268.5,273.9,274.9,268.0,342.39,-1.07
680,03/02/2020,271.4,273.0,274.8,270.0,388.92,0.33
681,03/01/2020,270.5,277.4,277.5,268.1,162.06,-1.42
682,02/27/2020,274.4,288.1,288.2,271.2,403.07,-4.76
683,02/26/2020,288.1,292.4,296.5,282.7,579.11,-1.47
684,02/25/2020,292.4,292.0,299.9,283.0,624.68,-2.01
685,02/24/2020,298.4,319.8,323.9,296.0,743.71,-6.63
686,02/23/2020,319.6,321.0,321.4,310.0,0.0,8.12
687,02/20/2020,295.6,280.0,308.0,270.0,0.0,3.76
688,02/19/2020,284.9,266.8,287.6,265.3,666.21,7.71
689,02/18/2020,264.5,261.0,275.0,260.0,610.23,0.95
690,02/16/2020,262.0,261.4,263.0,257.6,359.04,1.24
691,02/13/2020,258.8,259.0,261.5,257.5,202.36,0.15
692,02/12/2020,258.4,261.9,262.0,257.1,292.39,-0.96
693,02/11/2020,260.9,260.0,264.0,259.2,210.99,1.83
694,02/10/2020,256.2,261.9,262.0,255.0,233.47,-0.89
695,02/09/2020,258.5,260.7,264.0,257.1,89.31,-0.84
696,02/06/2020,260.7,263.0,263.0,256.9,224.49,-0.80
697,02/05/2020,262.8,265.2,268.0,261.5,237.86,-2.01
698,02/04/2020,268.2,273.0,277.0,267.0,382.7,-1.65
699,02/03/2020,272.7,258.5,274.7,258.0,574.06,5.86
700,02/02/2020,257.6,258.0,261.0,255.5,386.01,-0.08
701,01/30/2020,257.8,262.9,262.9,256.0,243.54,-1.26
702,01/29/2020,261.1,269.7,269.7,259.2,319.49,-1.99
703,01/28/2020,266.4,272.4,272.4,261.0,615.13,-1.84
704,01/27/2020,271.4,273.0,280.0,269.3,210.44,1.50
705,01/26/2020,267.4,274.0,279.0,264.0,275.23,-1.69
706,01/23/2020,272.0,270.5,274.0,264.5,266.71,1.00
707,01/22/2020,269.3,272.8,277.7,266.5,200.4,-1.28
708,01/21/2020,272.8,279.9,280.2,265.0,584.39,-2.08
709,01/20/2020,278.6,265.3,286.2,264.3,883.01,5.81
710,01/19/2020,263.3,244.2,263.3,244.2,357.95,8.71
711,01/16/2020,242.2,231.5,248.8,231.0,375.66,4.67
712,01/15/2020,231.4,234.3,242.0,229.0,121.17,-1.20
713,01/14/2020,234.2,240.0,241.0,230.3,195.97,-2.90
714,01/13/2020,241.2,253.0,253.0,240.0,211.2,-4.66
715,01/12/2020,253.0,250.8,254.0,250.8,52.26,0.88
716,01/09/2020,250.8,254.2,261.9,250.2,334.19,-3.43
717,01/08/2020,259.7,274.7,275.0,255.3,100.46,-4.52
718,01/07/2020,272.0,275.0,278.0,271.0,57.35,-1.09
719,01/06/2020,275.0,285.8,285.8,271.4,132.68,-2.62
720,01/05/2020,282.4,283.5,285.0,281.8,29.55,-0.18
721,01/02/2020,282.9,281.8,290.0,281.1,254.25,0.53
722,01/01/2020,281.4,280.0,287.0,280.0,66.79,-1.54
723,12/30/2019,285.8,285.8,286.5,285.0,167.12,0.00
724,12/29/2019,285.8,284.3,287.5,284.3,114.28,-0.38
725,12/26/2019,286.9,288.0,289.9,284.0,127.08,-0.10
726,12/24/2019,287.2,285.0,292.3,285.0,95.27,-0.55
727,12/23/2019,288.8,284.2,296.0,275.5,310.36,1.62
728,12/22/2019,284.2,293.0,293.0,283.0,87.38,-3.10
729,12/19/2019,293.3,291.1,294.9,291.1,55.84,1.14
730,12/18/2019,290.0,292.0,292.0,285.4,122.14,-0.38
731,12/17/2019,291.1,297.2,299.8,288.2,144.86,-2.97
732,12/15/2019,300.0,296.9,300.5,296.0,18.89,1.04
733,12/12/2019,296.9,298.4,299.5,295.9,106.12,-0.70
734,12/11/2019,299.0,298.4,303.9,298.1,42.11,-0.03
735,12/10/2019,299.1,304.0,304.0,298.1,120.59,-1.16
736,12/09/2019,302.6,308.0,308.0,301.4,143.4,-1.08
737,12/08/2019,305.9,309.8,309.8,305.0,32.34,-0.49
738,12/05/2019,307.4,306.0,310.0,305.0,57.54,0.13
739,12/04/2019,307.0,310.0,310.0,306.3,95.87,-0.10
740,12/03/2019,307.3,311.4,312.7,305.6,199.19,-1.25
741,12/02/2019,311.2,310.1,316.0,310.1,71.51,-0.06
742,12/01/2019,311.4,318.0,318.0,310.0,40.86,-2.14
743,11/28/2019,318.2,320.0,322.4,315.0,93.54,-0.53
744,11/27/2019,319.9,306.5,323.0,306.5,220.55,4.47
745,11/26/2019,306.2,306.0,311.1,304.0,175.24,-0.52
746,11/25/2019,307.8,312.0,312.0,301.1,349.81,-1.35
747,11/24/2019,312.0,328.9,328.9,309.3,286.75,-5.31
748,11/21/2019,329.5,325.0,333.0,324.9,647.25,1.98
749,11/20/2019,323.1,323.1,325.9,320.5,663.95,0.03
750,11/19/2019,323.0,311.5,327.0,310.2,750.29,4.03
751,11/18/2019,310.5,310.7,312.9,308.2,197.68,0.13
752,11/17/2019,310.1,311.0,312.0,306.4,68.4,1.27
753,11/14/2019,306.2,310.1,312.5,303.1,189.93,-1.26
754,11/13/2019,310.1,314.6,315.7,310.0,135.97,-1.59
755,11/12/2019,315.1,315.0,317.9,313.9,129.13,0.38
756,11/11/2019,313.9,315.9,315.9,313.1,74.36,0.19
757,11/07/2019,313.3,312.1,314.2,312.1,69.45,0.13
758,11/06/2019,312.9,313.0,315.0,312.1,135.7,-0.06
759,11/05/2019,313.1,313.1,316.0,312.5,83.86,-0.45
760,11/04/2019,314.5,315.1,316.5,313.3,88.18,-0.63
761,11/03/2019,316.5,317.0,317.6,315.5,74.53,-0.31
762,10/31/2019,317.5,319.6,324.0,316.3,87.41,-0.66
763,10/30/2019,319.6,321.2,322.4,318.0,61.61,-0.78
764,10/29/2019,322.1,322.5,323.0,320.2,52.3,-0.22
765,10/28/2019,322.8,326.0,326.0,321.8,56.07,-0.49
766,10/27/2019,324.4,327.6,330.9,320.0,64.58,-0.98
767,10/24/2019,327.6,324.0,328.8,320.2,273.87,1.52
768,10/23/2019,322.7,321.6,324.9,319.0,523.92,0.34
769,10/22/2019,321.6,320.0,325.0,316.0,213.03,1.97
770,10/21/2019,315.4,318.7,321.3,314.5,125.83,-1.04
771,10/20/2019,318.7,317.0,325.0,310.0,142.73,0.28
772,10/17/2019,317.8,328.1,328.1,310.0,185.98,-3.14
773,10/16/2019,328.1,330.0,333.0,326.6,294.87,-1.20
774,10/15/2019,332.1,324.5,343.0,324.1,122.29,4.93
775,10/14/2019,316.5,325.0,325.0,315.6,108.7,-2.74
776,10/13/2019,325.4,331.2,332.8,324.4,88.38,-2.28
777,10/10/2019,333.0,333.5,333.6,331.7,137.7,-0.89
778,10/09/2019,336.0,341.0,342.0,332.4,169.89,-1.44
779,10/07/2019,340.9,345.1,345.1,340.4,100.95,-1.22
780,10/06/2019,345.1,347.0,347.0,345.0,27.99,0.00
781,10/03/2019,345.1,343.5,347.0,342.4,58.31,0.12
782,10/02/2019,344.7,349.0,349.0,344.0,213.41,-1.20
783,10/01/2019,348.9,352.4,352.4,348.0,74.48,-0.99
784,09/30/2019,352.4,357.9,357.9,350.7,267.55,-1.26
785,09/29/2019,356.9,360.0,360.0,355.2,87.34,-0.70
786,09/26/2019,359.4,360.0,364.0,357.5,375.31,1.21
787,09/25/2019,355.1,358.0,358.0,351.8,191.94,-0.92
788,09/24/2019,358.4,363.9,363.9,353.2,478.75,-1.21
789,09/23/2019,362.8,361.0,364.9,356.6,557.37,0.64
790,09/22/2019,360.5,364.0,364.6,349.2,0.0,7.52
791,09/19/2019,335.3,320.0,335.3,317.0,150.62,8.72
792,09/18/2019,308.4,313.4,314.4,307.0,114.51,-1.34
793,09/17/2019,312.6,309.9,314.8,309.9,193.24,1.43
794,09/16/2019,308.2,306.6,309.4,306.6,105.04,0.69
795,09/15/2019,306.1,305.0,307.5,301.0,69.17,0.66
796,09/12/2019,304.1,305.1,306.0,296.1,119.76,-0.33
797,09/11/2019,305.1,309.9,309.9,302.0,170.12,-0.94
798,09/09/2019,308.0,300.0,315.0,297.1,326.35,2.94
799,09/08/2019,299.2,295.5,300.0,289.1,86.5,1.25
800,09/05/2019,295.5,289.4,298.0,284.7,102.94,2.11
801,09/04/2019,289.4,294.7,297.4,287.2,241.34,-1.80
802,09/03/2019,294.7,300.0,304.1,290.4,313.48,-3.09
803,09/02/2019,304.1,312.1,312.1,303.0,185.47,-1.90
804,09/01/2019,310.0,312.1,314.9,309.0,97.5,-0.64
805,08/29/2019,312.0,316.8,316.8,311.4,245.62,-1.52
806,08/28/2019,316.8,320.1,320.1,316.1,77.02,-1.03
807,08/27/2019,320.1,314.5,322.0,313.4,128.68,2.11
808,08/26/2019,313.5,316.7,317.0,310.2,219.1,-1.04
809,08/25/2019,316.8,319.7,319.7,316.4,103.21,-0.91
810,08/22/2019,319.7,324.0,325.0,319.0,101.78,-1.11
811,08/21/2019,323.3,327.0,327.0,322.0,114.15,-1.01
812,08/20/2019,326.6,324.9,327.2,324.9,173.96,0.83
813,08/19/2019,323.9,318.0,327.0,317.4,208.71,2.18
814,08/18/2019,317.0,315.3,318.0,315.3,53.89,-0.22
815,08/08/2019,317.7,316.9,318.8,316.9,321.69,-0.35
816,08/07/2019,318.8,322.2,322.2,316.9,166.55,-1.06
817,08/06/2019,322.2,321.8,325.0,321.6,94.31,0.25
818,08/05/2019,321.4,334.0,334.0,320.4,189.67,-4.66
819,08/04/2019,337.1,337.1,337.6,332.4,127.44,0.00
820,08/01/2019,337.1,333.0,337.6,332.4,127.44,1.41
821,07/31/2019,332.4,325.1,333.9,325.1,160.84,2.06
822,07/30/2019,325.7,326.8,329.9,324.1,155.2,-0.49
823,07/29/2019,327.3,325.2,331.0,325.2,129.84,0.77
824,07/28/2019,324.8,324.6,326.8,320.5,115.34,0.03
825,07/25/2019,324.7,323.0,325.0,320.8,156.15,1.34
826,07/24/2019,320.4,323.2,325.0,316.0,212.14,-0.87
827,07/23/2019,323.2,322.0,329.2,318.0,138.65,0.22
828,07/22/2019,322.5,325.3,325.3,322.0,197.94,-0.86
829,07/21/2019,325.3,325.0,329.5,325.0,144.27,-1.51
830,07/18/2019,330.3,330.0,334.9,328.4,128.3,1.32
831,07/17/2019,326.0,330.0,332.9,325.5,227.94,-0.61
832,07/16/2019,328.0,329.0,330.9,325.1,208.28,1.11
833,07/15/2019,324.4,344.7,344.8,322.8,374.51,-5.89
834,07/14/2019,344.7,333.0,346.5,331.3,140.3,3.95
835,07/11/2019,331.6,333.0,338.0,330.4,265.33,-0.75
836,07/10/2019,334.1,341.5,341.5,329.1,198.23,-1.97
837,07/09/2019,340.8,346.0,346.0,340.0,238.85,-1.27
838,07/08/2019,345.2,351.7,352.0,345.0,105.64,-1.85
839,07/07/2019,351.7,358.8,358.8,340.1,71.91,-2.25
840,07/04/2019,359.8,364.0,364.0,359.0,59.78,0.03
841,07/03/2019,359.7,364.9,364.9,359.1,103.44,-0.17
842,07/02/2019,360.3,365.0,365.0,359.1,128.52,-1.21
843,06/30/2019,364.7,365.0,366.0,363.2,90.71,-0.11
844,06/27/2019,365.1,363.5,365.5,363.1,226.95,0.55
845,06/26/2019,363.1,360.0,363.9,360.0,121.22,1.17
846,06/25/2019,358.9,360.9,360.9,357.9,273.39,0.28
847,06/24/2019,357.9,359.2,360.2,357.4,77.25,-0.64
848,06/23/2019,360.2,359.6,361.8,359.1,60.83,0.25
849,06/20/2019,359.3,360.4,363.0,358.0,82.12,-0.31
850,06/19/2019,360.4,363.9,365.0,359.0,138.03,-0.63
851,06/18/2019,362.7,358.3,364.4,358.0,106.46,1.51
852,06/17/2019,357.3,358.1,358.9,356.2,53.72,-0.17
853,06/16/2019,357.9,363.5,364.5,355.6,90.5,-0.97
854,06/13/2019,361.4,360.3,362.9,359.1,102.17,0.03
855,06/12/2019,361.3,365.0,365.0,360.0,129.32,-0.74
856,06/11/2019,364.0,357.4,365.0,357.4,137.97,2.30
857,06/10/2019,355.8,355.1,359.0,350.3,123.15,-0.17
858,06/09/2019,356.4,355.1,357.8,355.1,50.61,0.37
859,05/30/2019,355.1,350.0,356.0,350.0,163.26,1.52
860,05/29/2019,349.8,350.0,350.0,347.1,94.2,0.03
861,05/28/2019,349.7,341.8,350.3,341.8,180.46,2.52
862,05/27/2019,341.1,338.6,343.7,338.6,71.81,0.86
863,05/26/2019,338.2,340.0,340.0,337.1,58.1,0.09
864,05/23/2019,337.9,349.4,349.4,336.7,180.2,-1.43
865,05/22/2019,342.8,344.1,347.8,340.7,71.24,-0.17
866,05/21/2019,343.4,347.1,347.9,342.2,106.5,-1.32
867,05/20/2019,348.0,350.1,350.1,347.4,39.64,-0.88
868,05/19/2019,351.1,348.3,352.9,347.5,94.8,1.68
869,05/16/2019,345.3,346.4,348.6,343.2,63.66,-0.32
870,05/15/2019,346.4,346.0,350.0,345.0,93.51,-0.06
871,05/14/2019,346.6,350.5,350.5,340.3,162.57,-0.43
872,05/13/2019,348.1,351.5,352.2,347.0,195.71,-1.22
873,05/12/2019,352.4,356.0,356.0,352.0,46.54,-0.48
874,05/09/2019,354.1,358.7,358.8,352.9,68.16,-0.14
875,05/08/2019,354.6,356.0,358.0,353.8,99.6,0.06
876,05/07/2019,354.4,360.0,361.0,351.0,220.07,-1.39
877,05/06/2019,359.4,362.1,362.5,358.6,133.78,-0.86
878,05/05/2019,362.5,361.9,363.5,360.0,61.82,1.20
879,05/02/2019,358.2,358.7,362.0,357.0,261.04,-0.14
880,04/30/2019,358.7,361.0,362.0,358.0,112.81,-0.36
881,04/29/2019,360.0,365.5,365.5,358.6,149.77,-1.42
882,04/28/2019,365.2,365.0,367.7,360.0,55.87,0.27
883,04/25/2019,364.2,371.0,371.7,362.3,118.17,-1.01
884,04/24/2019,367.9,374.8,374.8,367.5,152.5,-0.41
885,04/23/2019,369.4,372.4,375.0,368.5,53.9,-1.23
886,04/21/2019,374.0,368.5,377.5,368.0,99.04,1.52
887,04/18/2019,368.4,372.5,372.5,367.1,137.05,-1.21
888,04/17/2019,372.9,375.8,375.8,370.0,118.15,0.32
889,04/16/2019,371.7,378.9,380.0,369.8,184.42,-1.61
890,04/15/2019,377.8,369.8,379.9,369.8,150.82,2.75
891,04/11/2019,367.7,364.0,369.5,357.0,204.41,2.82
892,04/10/2019,357.6,363.0,363.0,355.5,490.63,-1.22
893,04/09/2019,362.0,373.0,373.0,360.5,250.76,-2.40
894,04/08/2019,370.9,376.0,376.0,365.7,615.94,-1.23
895,04/07/2019,375.5,385.0,385.5,375.1,366.94,-3.20
896,04/04/2019,387.9,399.0,399.0,387.4,387.76,-2.88
897,04/03/2019,399.4,407.0,407.0,397.3,430.49,-2.49
898,04/02/2019,409.6,417.0,419.0,409.0,277.8,-1.77
899,04/01/2019,417.0,409.2,419.7,409.0,624.79,1.91
900,03/31/2019,409.2,407.0,411.0,404.5,265.4,0.44
901,03/28/2019,407.4,410.0,410.9,405.5,209.15,-0.27
902,03/27/2019,408.5,410.1,411.9,405.0,304.69,-0.24
903,03/25/2019,409.5,401.4,410.5,399.1,568.69,2.02
904,03/24/2019,401.4,398.0,404.8,397.3,340.11,1.03
905,03/21/2019,397.3,399.0,399.0,394.0,85.9,0.61
906,03/20/2019,394.9,394.0,402.0,394.0,476.78,0.82
907,03/19/2019,391.7,389.0,394.2,389.0,166.72,0.85
908,03/18/2019,388.4,385.5,389.9,385.5,72.46,0.34
909,03/14/2019,387.1,385.0,392.8,385.0,100.09,0.42
910,03/13/2019,385.5,391.7,393.9,385.0,265.31,-1.88
911,03/12/2019,392.9,384.3,395.2,384.0,299.04,2.08
912,03/11/2019,384.9,385.8,385.8,384.0,145.8,-0.10
913,03/10/2019,385.3,387.0,387.2,385.0,62.32,-0.13
914,03/07/2019,385.8,390.0,393.8,384.0,262.56,-1.08
915,03/06/2019,390.0,391.6,391.6,388.3,71.64,-0.51
916,03/05/2019,392.0,394.0,394.0,390.0,50.6,-0.36
917,03/04/2019,393.4,389.0,394.5,387.0,270.07,0.87
918,03/03/2019,390.0,393.5,393.5,386.3,92.14,-0.89
919,02/27/2019,393.5,394.5,397.0,390.8,142.25,-1.28
920,02/26/2019,398.6,397.6,401.6,397.0,471.48,0.30
921,02/25/2019,397.4,386.8,399.6,386.2,762.76,3.06
922,02/24/2019,385.6,386.0,386.7,380.1,120.5,-0.03
923,02/20/2019,385.7,379.5,389.4,377.6,205.39,1.63
924,02/19/2019,379.5,376.0,382.4,368.0,644.5,0.64
925,02/18/2019,377.1,377.0,379.7,371.2,419.54,-3.28
926,02/17/2019,389.9,389.9,389.9,389.9,0.0,0.00
927,02/14/2019,389.9,395.0,397.9,386.5,298.18,-0.76
928,02/13/2019,392.9,388.0,394.0,384.3,326.75,1.11
929,02/12/2019,388.6,397.0,400.0,385.4,465.84,-2.26
930,02/11/2019,397.6,405.0,405.0,395.6,349.72,-2.09
931,02/10/2019,406.1,405.7,412.5,405.1,269.31,0.15
932,02/07/2019,405.5,407.0,409.0,403.0,274.1,0.15
933,02/06/2019,404.9,403.6,407.8,403.2,300.28,0.35
934,02/05/2019,403.5,403.0,405.0,398.0,255.64,0.37
935,02/04/2019,402.0,396.0,407.7,395.0,386.44,2.03
936,02/03/2019,394.0,398.2,398.2,391.5,665.44,-1.05
937,01/31/2019,398.2,414.0,414.0,393.2,690.31,-3.77
938,01/30/2019,413.8,414.4,417.9,408.9,562.26,-0.39
939,01/29/2019,415.4,411.0,419.9,411.0,614.76,1.44
940,01/28/2019,409.5,398.0,410.4,395.5,0.0,4.04
941,01/27/2019,393.6,397.0,400.0,390.3,314.4,-0.48
942,01/24/2019,395.5,391.3,396.9,391.3,317.12,1.02
943,01/23/2019,391.5,391.0,395.0,388.0,323.92,0.67
944,01/22/2019,388.9,384.0,390.9,384.0,250.42,1.12
945,01/21/2019,384.6,387.0,390.8,383.1,174.83,-0.16
946,01/20/2019,385.2,375.0,388.0,372.0,114.96,2.69
947,01/17/2019,375.1,382.0,382.1,374.4,187.59,-1.96
948,01/16/2019,382.6,387.1,387.1,379.5,171.93,-1.16
949,01/15/2019,387.1,390.0,390.0,384.0,132.04,-0.57
950,01/14/2019,389.3,391.0,391.0,387.4,332.46,-0.15
951,01/13/2019,389.9,390.0,395.0,388.0,247.26,0.26
952,01/10/2019,388.9,383.2,390.0,383.2,306.94,1.62
953,01/09/2019,382.7,382.0,383.5,379.3,404.45,0.79
954,01/08/2019,379.7,374.0,381.6,374.0,383.68,2.04
955,01/07/2019,372.1,375.0,376.0,371.3,474.94,-0.24
956,01/06/2019,373.0,367.7,373.5,367.7,129.68,2.08
957,01/03/2019,365.4,365.0,368.7,364.2,136.49,-0.05
958,01/02/2019,365.6,368.0,368.0,364.5,67.02,-0.73
959,01/01/2019,368.3,370.0,376.0,363.0,94.88,0.27
